topK,num_factors,iteration,RECALL,MAP
26,459,0,0.017079408272178003,0.017079408272178003
