num_factors,iteration,RECALL,MAP
85,0,0.010978252075997678,0.010978252075997678
